task,condition,M2_factual_accuracy_proxy,M3_decision_recovery,M4_question_recovery,M5_contradiction_rate_per_100w,M6_repeated_work_count,prompt_words,output_words
task_001_vendor_selection,transcript,0.833,0.25,0.667,0.0,0,785,182
task_001_vendor_selection,summary,0.5,0.75,1.0,0.0,0,522,183
task_001_vendor_selection,world,0.333,0.75,1.0,0.0,0,637,176
task_002_incident_postmortem,transcript,0.333,0.333,1.0,0.0,0,674,202
task_002_incident_postmortem,summary,0.667,0.0,1.0,0.0,0,493,185
task_002_incident_postmortem,world,1.0,0.333,0.667,0.0,0,566,206
task_003_api_migration,transcript,0.8,0.5,0.667,0.0,0,601,205
task_003_api_migration,summary,0.6,0.75,0.667,0.0,0,412,167
task_003_api_migration,world,0.6,1.0,1.0,0.0,0,495,186
